,id,name,struct,type,typeField
0,1,structQueue,structQueue,__attribute__((aligned(4))),Not defined in .h
1,2,nextAvailableSlot,structQueue,int,Not defined in .h
2,3,*dword4,structQueue,char,Not defined in .h
3,4,maxSize,structQueue,_DWORD,Not defined in .h
4,5,valuePtr,structQueue,_DWORD,Not defined in .h
5,6,valuePtrXOR,structQueue,_DWORD,Not defined in .h
6,1,struct_queue_big,struct_queue_big,__attribute__((aligned(2))),Not defined in .h
7,2,poistionRel,struct_queue_big,__int16,Not defined in .h
8,3,field_2,struct_queue_big,__int16,Not defined in .h
9,4,poistionRel_FromEnd,struct_queue_big,__int16,Not defined in .h
10,5,field_6,struct_queue_big,__int16,Not defined in .h
11,6,base,struct_queue_big,__int8,Not defined in .h
12,7,field_9,struct_queue_big,__int8,Not defined in .h
13,8,field_A,struct_queue_big,__int16,Not defined in .h
14,9,field_C,struct_queue_big,__int8,Not defined in .h
15,10,field_D,struct_queue_big,__int8,Not defined in .h
16,11,field_E,struct_queue_big,__int8,Not defined in .h
17,12,field_F,struct_queue_big,char,Not defined in .h
18,13,poistionRel_xor,struct_queue_big,__int16,Not defined in .h
19,14,field_12,struct_queue_big,__int16,Not defined in .h
20,15,field_14,struct_queue_big,__int16,Not defined in .h
21,16,field_16,struct_queue_big,__int16,Not defined in .h
22,17,field_18,struct_queue_big,__int8,Not defined in .h
23,18,field_19,struct_queue_big,__int8,Not defined in .h
24,19,field_1A,struct_queue_big,__int16,Not defined in .h
25,20,field_1C,struct_queue_big,__int8,Not defined in .h
26,21,field_1D,struct_queue_big,__int8,Not defined in .h
27,22,field_1E,struct_queue_big,__int8,Not defined in .h
28,23,field_1F,struct_queue_big,char,Not defined in .h
29,1,struct_error_ref,struct_error_ref,struct,Not defined in .h
30,2,word0,struct_error_ref,_WORD,Not defined in .h
31,3,word2,struct_error_ref,_WORD,Not defined in .h
32,4,word4,struct_error_ref,_WORD,Not defined in .h
33,5,word6,struct_error_ref,_WORD,Not defined in .h
34,1,struct_bg,struct_bg,__attribute__((aligned(4))),Not defined in .h
35,2,field_0,struct_bg,int,Not defined in .h
36,3,field_4,struct_bg,char,Not defined in .h
37,4,field_5,struct_bg,char,Not defined in .h
38,5,field_6,struct_bg,__int16,Not defined in .h
39,6,*field_8,struct_bg,struct_bg,Not defined in .h
40,7,field_C,struct_bg,int,Not defined in .h
41,8,field_10,struct_bg,__int16,Not defined in .h
42,9,field_12,struct_bg,__int16,Not defined in .h
43,10,field_14,struct_bg,int,Not defined in .h
44,11,field_18,struct_bg,int,Not defined in .h
45,12,field_1C,struct_bg,int,Not defined in .h
46,13,field_20,struct_bg,int,Not defined in .h
47,14,field_24,struct_bg,int,Not defined in .h
48,15,field_28,struct_bg,int,Not defined in .h
49,1,struct_usb_something24100,struct_usb_something24100,struct,Not defined in .h
50,2,gap0[6],struct_usb_something24100,_BYTE,Not defined in .h
51,3,byte6,struct_usb_something24100,_BYTE,Not defined in .h
52,4,byte7,struct_usb_something24100,_BYTE,Not defined in .h
53,5,gap8[19],struct_usb_something24100,_BYTE,Not defined in .h
54,6,byte1B,struct_usb_something24100,_BYTE,Not defined in .h
55,7,gap1C[2],struct_usb_something24100,_BYTE,Not defined in .h
56,8,byte1E,struct_usb_something24100,_BYTE,Not defined in .h
57,1,struct_0,struct_0,struct,Not defined in .h
58,2,*anonymous_0,struct_0,void,Not defined in .h
59,3,*aAboveGoal,struct_0,char,Not defined in .h
60,4,*aAddBgReading,struct_0,char,Not defined in .h
61,5,*aAlertsReminder,struct_0,char,Not defined in .h
62,6,*aRef02d03d04d05,struct_0,char,Not defined in .h
63,7,*aRef02d03d02d03,struct_0,char,Not defined in .h
64,8,*aAllHistory,struct_0,char,Not defined in .h
65,9,*aAlarmHistory_1,struct_0,char,Not defined in .h
66,10,*aAlwaysOn,struct_0,char,Not defined in .h
67,11,*aA_2,struct_0,char,Not defined in .h
68,12,*aApril,struct_0,char,Not defined in .h
69,13,*aAsAResultOfT_0,struct_0,char,Not defined in .h
70,14,*aAsAResultOfThe,struct_0,char,Not defined in .h
71,15,*aAsAResultOfT_2,struct_0,char,Not defined in .h
72,16,*aAssignEditBgTa,struct_0,char,Not defined in .h
73,17,*aAugust,struct_0,char,Not defined in .h
74,18,*aAutoOff,struct_0,char,Not defined in .h
75,19,*aAvgBg,struct_0,char,Not defined in .h
76,20,*aAvgReadsDay,struct_0,char,Not defined in .h
77,21,*aMeterTemperatu,struct_0,char,Not defined in .h
78,22,*aTempStopped,struct_0,char,Not defined in .h
79,23,*aMaxBasal,struct_0,char,Not defined in .h
80,24,*aBasalB,struct_0,char,Not defined in .h
81,25,*aBasalPrograms,struct_0,char,Not defined in .h
82,26,*aTempBasalYRema,struct_0,char,Not defined in .h
83,27,*aDeliveryInterr,struct_0,char,Not defined in .h
84,28,*aOffBeepOnly,struct_0,char,Not defined in .h
85,29,*aBelowGoal,struct_0,char,Not defined in .h
86,30,*aBg,struct_0,char,Not defined in .h
87,31,*aCheckForKetone,struct_0,char,Not defined in .h
88,32,*aBgHistory,struct_0,char,Not defined in .h
89,33,*aLastBg,struct_0,char,Not defined in .h
90,34,*aTreatYourLowBg,struct_0,char,Not defined in .h
91,35,*aBgReadingWasMa,struct_0,char,Not defined in .h
92,36,*aMeterErrD,struct_0,char,Not defined in .h
93,37,*aBgMeter,struct_0,char,Not defined in .h
94,38,*aMinBgForCalcs,struct_0,char,Not defined in .h
95,39,*aControl,struct_0,char,Not defined in .h
96,40,*aPreMeal,struct_0,char,Not defined in .h
97,41,*aPostMeal,struct_0,char,Not defined in .h
98,42,*aMissedBolus,struct_0,char,Not defined in .h
99,43,*aCarbGuess,struct_0,char,Not defined in .h
100,44,*aBasalEvaluatio,struct_0,char,Not defined in .h
101,45,*aBasalEvaluat_0,struct_0,char,Not defined in .h
102,46,*aSkippedMeal,struct_0,char,Not defined in .h
103,47,*aExerciseLight,struct_0,char,Not defined in .h
104,48,*aExerciseModera,struct_0,char,Not defined in .h
105,49,*aExerciseStrenu,struct_0,char,Not defined in .h
106,50,*aFasting,struct_0,char,Not defined in .h
107,51,*aSickDay,struct_0,char,Not defined in .h
108,52,*aKetonesNeg,struct_0,char,Not defined in .h
109,53,*aKetonesTrace,struct_0,char,Not defined in .h
110,54,*aKetonesSmall,struct_0,char,Not defined in .h
111,55,*aKetonesModerat,struct_0,char,Not defined in .h
112,56,*aKetonesLarge,struct_0,char,Not defined in .h
113,57,*aPreBedtime,struct_0,char,Not defined in .h
114,58,*aTargetBg_0,struct_0,char,Not defined in .h
115,59,*aNoteACorrectio,struct_0,char,Not defined in .h
116,60,*aShortestTimeRe,struct_0,char,Not defined in .h
117,61,*aBgReminder,struct_0,char,Not defined in .h
118,62,*aBgTag,struct_0,char,Not defined in .h
119,63,*aBgGoal,struct_0,char,Not defined in .h
120,64,*aBolusCalcs,struct_0,char,Not defined in .h
121,65,*aSuggestedBol_0,struct_0,char,Not defined in .h
122,66,*aBolusStoppedPr,struct_0,char,Not defined in .h
123,67,*aBolusHistory_0,struct_0,char,Not defined in .h
124,68,*aBolusIncrement,struct_0,char,Not defined in .h
125,69,*aMaxBolus,struct_0,char,Not defined in .h
126,70,*aBolusB,struct_0,char,Not defined in .h
127,71,*aBolusPresets,struct_0,char,Not defined in .h
128,72,*aBolus_4,struct_0,char,Not defined in .h
129,73,*aBolusBasalCalc,struct_0,char,Not defined in .h
130,74,*aBolusStopped,struct_0,char,Not defined in .h
131,75,*aBolusReminders,struct_0,char,Not defined in .h
132,76,*aImmediateBolus,struct_0,char,Not defined in .h
133,77,*anonymous_1,struct_0,char,Not defined in .h
134,78,*aCalories,struct_0,char,Not defined in .h
135,79,*aCancelExtended,struct_0,char,Not defined in .h
136,80,*aCancelTempBasa,struct_0,char,Not defined in .h
137,81,*aNoteForBolusCa,struct_0,char,Not defined in .h
138,82,*aCarbHistory,struct_0,char,Not defined in .h
139,83,*aCarbPresets,struct_0,char,Not defined in .h
140,84,*aE_1,struct_0,char,Not defined in .h
141,85,*aG_1,struct_0,char,Not defined in .h
142,86,*aG_2,struct_0,char,Not defined in .h
143,87,*anonymous_2,struct_0,char,Not defined in .h
144,88,*anonymous_3,struct_0,char,Not defined in .h
145,89,*aCarbPresetB,struct_0,char,Not defined in .h
146,90,*aCarbsG,struct_0,char,Not defined in .h
147,91,*aCarbs,struct_0,char,Not defined in .h
148,92,*aExceedsMaxBolu,struct_0,char,Not defined in .h
149,93,*aAdjustedForIob,struct_0,char,Not defined in .h
150,94,*anonymous_4,struct_0,char,Not defined in .h
151,95,*anonymous_5,struct_0,char,Not defined in .h
152,96,*anonymous_6,struct_0,char,Not defined in .h
153,97,*anonymous_7,struct_0,char,Not defined in .h
154,98,*aChangePod,struct_0,char,Not defined in .h
155,99,*aChangeSensor,struct_0,char,Not defined in .h
156,100,*aChangeTransmit,struct_0,char,Not defined in .h
157,101,*aEdit,struct_0,char,Not defined in .h
158,102,*aChecking,struct_0,char,Not defined in .h
159,103,*aCheckAlarms,struct_0,char,Not defined in .h
160,104,*aLastStatus,struct_0,char,Not defined in .h
161,105,*aBasal_0,struct_0,char,Not defined in .h
162,106,*aBolus_3,struct_0,char,Not defined in .h
163,107,*aPod,struct_0,char,Not defined in .h
164,108,*aSettings,struct_0,char,Not defined in .h
165,109,*aSuspendResume,struct_0,char,Not defined in .h
166,110,*aConfidenceRemi,struct_0,char,Not defined in .h
167,111,*aCopy,struct_0,char,Not defined in .h
168,112,*aCorrectionU,struct_0,char,Not defined in .h
169,113,*aMMM,struct_0,char,Not defined in .h
170,114,*aBgB,struct_0,char,Not defined in .h
171,115,*aCorrectionFact,struct_0,char,Not defined in .h
172,116,*aCorrectionIob,struct_0,char,Not defined in .h
173,117,*aCorrection,struct_0,char,Not defined in .h
174,118,*aReverseCorre_0,struct_0,char,Not defined in .h
175,119,*aCorrect,struct_0,char,Not defined in .h
176,120,*aCorr_Above,struct_0,char,Not defined in .h
177,121,*aCorruptRecord,struct_0,char,Not defined in .h
178,122,*aCustomRemind_1,struct_0,char,Not defined in .h
179,123,*aReminderB,struct_0,char,Not defined in .h
180,124,*aCustomBgTags,struct_0,char,Not defined in .h
181,125,*aCustomTagB,struct_0,char,Not defined in .h
182,126,*aDaily,struct_0,char,Not defined in .h
183,127,*aDailyBasal,struct_0,char,Not defined in .h
184,128,*aDate,struct_0,char,Not defined in .h
185,129,*aDate_1,struct_0,char,Not defined in .h
186,130,*aDateTime,struct_0,char,Not defined in .h
187,131,*aDays,struct_0,char,Not defined in .h
188,132,*aPodDeactivated,struct_0,char,Not defined in .h
189,133,*aDecember,struct_0,char,Not defined in .h
190,134,*aDelete,struct_0,char,Not defined in .h
191,135,*aDeliveringBolu,struct_0,char,Not defined in .h
192,136,*aDiagnostics,struct_0,char,Not defined in .h
193,137,*aBgUnits,struct_0,char,Not defined in .h
194,138,*anonymous_8,struct_0,char,Not defined in .h
195,139,*aEnterManually,struct_0,char,Not defined in .h
196,140,*aExpiration,struct_0,char,Not defined in .h
197,141,*aExt,struct_0,char,Not defined in .h
198,142,*aE_0,struct_0,char,Not defined in .h
199,143,*aExtended,struct_0,char,Not defined in .h
200,144,*aExtendedBolusU,struct_0,char,Not defined in .h
201,145,*aExtExtendedBol,struct_0,char,Not defined in .h
202,146,*aFavorites,struct_0,char,Not defined in .h
203,147,*aFat,struct_0,char,Not defined in .h
204,148,*aFebruary,struct_0,char,Not defined in .h
205,149,*aFiber,struct_0,char,Not defined in .h
206,150,*a50U,struct_0,char,Not defined in .h
207,151,*aFoodLibrary_0,struct_0,char,Not defined in .h
208,152,*aMoreActions,struct_0,char,Not defined in .h
209,153,*aGoal_1,struct_0,char,Not defined in .h
210,154,*aG_0,struct_0,char,Not defined in .h
211,155,*aGCarb,struct_0,char,Not defined in .h
212,156,*aGCarbU,struct_0,char,Not defined in .h
213,157,*aHigh,struct_0,char,Not defined in .h
214,158,*aA_1,struct_0,char,Not defined in .h
215,159,*aBdh,struct_0,char,Not defined in .h
216,160,*aHr,struct_0,char,Not defined in .h
217,161,*aIcRatio,struct_0,char,Not defined in .h
218,162,*aIcRatio_1,struct_0,char,Not defined in .h
219,163,*a1UPerIinsulinD,struct_0,char,Not defined in .h
220,164,*anonymous_9,struct_0,char,Not defined in .h
221,165,*aInsulinAction,struct_0,char,Not defined in .h
222,166,*aInsulinSuspend,struct_0,char,Not defined in .h
223,167,*aWithinGoal,struct_0,char,Not defined in .h
224,168,*aIob,struct_0,char,Not defined in .h
225,169,*aInsulinOnBoard,struct_0,char,Not defined in .h
226,170,*aJanuary,struct_0,char,Not defined in .h
227,171,*aJuly,struct_0,char,Not defined in .h
228,172,*aJune,struct_0,char,Not defined in .h
229,173,*aLastBolus,struct_0,char,Not defined in .h
230,174,*aLastStatusDT,struct_0,char,Not defined in .h
231,175,*aLessThan1G,struct_0,char,Not defined in .h
232,176,*aBacklightTimeO,struct_0,char,Not defined in .h
233,177,*aLow,struct_0,char,Not defined in .h
234,178,*aLowReservoir,struct_0,char,Not defined in .h
235,179,*aManageBgTagLis,struct_0,char,Not defined in .h
236,180,*aManual,struct_0,char,Not defined in .h
237,181,*aMarch,struct_0,char,Not defined in .h
238,182,*aMax,struct_0,char,Not defined in .h
239,183,*aMay,struct_0,char,Not defined in .h
240,184,*aMeals,struct_0,char,Not defined in .h
241,185,*aMeal,struct_0,char,Not defined in .h
242,186,*aMealDD,struct_0,char,Not defined in .h
243,187,*aMeal_1,struct_0,char,Not defined in .h
244,188,*aMealIob,struct_0,char,Not defined in .h
245,189,*aMgDl,struct_0,char,Not defined in .h
246,190,*aMgDlPerU,struct_0,char,Not defined in .h
247,191,*aMin,struct_0,char,Not defined in .h
248,192,*aMinMax,struct_0,char,Not defined in .h
249,193,*aMin_0,struct_0,char,Not defined in .h
250,194,*aMissedBolusRem,struct_0,char,Not defined in .h
251,195,*aMmolL,struct_0,char,Not defined in .h
252,196,*aMmolLPerU,struct_0,char,Not defined in .h
253,197,*aMyInfo_0,struct_0,char,Not defined in .h
254,198,*aMyRecords,struct_0,char,Not defined in .h
255,199,*aNewLabel,struct_0,char,Not defined in .h
256,200,*aStatusNotAvail,struct_0,char,Not defined in .h
257,201,*anonymous_10,struct_0,char,Not defined in .h
258,202,*aNoon,struct_0,char,Not defined in .h
259,203,*aNa,struct_0,char,Not defined in .h
260,204,*aNoData,struct_0,char,Not defined in .h
261,205,*aNovember,struct_0,char,Not defined in .h
262,206,*aNow,struct_0,char,Not defined in .h
263,207,*aOctober,struct_0,char,Not defined in .h
264,208,*aOff,struct_0,char,Not defined in .h
265,209,*aOff_0,struct_0,char,Not defined in .h
266,210,*aOn,struct_0,char,Not defined in .h
267,211,*aOneTimeOnly,struct_0,char,Not defined in .h
268,212,*aOtherInformati,struct_0,char,Not defined in .h
269,213,*aActionOccurred,struct_0,char,Not defined in .h
270,214,*aRatiosFactorsT,struct_0,char,Not defined in .h
271,215,*anonymous_11,struct_0,char,Not defined in .h
272,216,*anonymous_12,struct_0,char,Not defined in .h
273,217,*aPleaseWait,struct_0,char,Not defined in .h
274,218,*aP_2,struct_0,char,Not defined in .h
275,219,*aPreparingDevic,struct_0,char,Not defined in .h
276,220,*aPreparingData,struct_0,char,Not defined in .h
277,221,*aPresets,struct_0,char,Not defined in .h
278,222,*aPressSaveToA_1,struct_0,char,Not defined in .h
279,223,*anonymous_13,struct_0,char,Not defined in .h
280,224,*aPriming,struct_0,char,Not defined in .h
281,225,*aProtein,struct_0,char,Not defined in .h
282,226,*aPodActivated,struct_0,char,Not defined in .h
283,227,*aChangePodNow,struct_0,char,Not defined in .h
284,228,*aPodExp_0,struct_0,char,Not defined in .h
285,229,*aPodHasPassedEx,struct_0,char,Not defined in .h
286,230,*aPodAlarm_0,struct_0,char,Not defined in .h
287,231,*aPiB_B_B,struct_0,char,Not defined in .h
288,232,*aPodStatusNotAv,struct_0,char,Not defined in .h
289,233,*aResume,struct_0,char,Not defined in .h
290,234,*aPmB_B_B,struct_0,char,Not defined in .h
291,235,*a1Reading,struct_0,char,Not defined in .h
292,236,*aDReadings,struct_0,char,Not defined in .h
293,237,*aBasal,struct_0,char,Not defined in .h
294,238,*aBg_0,struct_0,char,Not defined in .h
295,239,*aBolus,struct_0,char,Not defined in .h
296,240,*aCarb,struct_0,char,Not defined in .h
297,241,*aProgramReminde,struct_0,char,Not defined in .h
298,242,*aPdmLock,struct_0,char,Not defined in .h
299,243,*aReminderSSched,struct_0,char,Not defined in .h
300,244,*aRaB_B_B,struct_0,char,Not defined in .h
301,245,*aRbB_B_B,struct_0,char,Not defined in .h
302,246,*aPdmAlarm,struct_0,char,Not defined in .h
303,247,*aClockReset,struct_0,char,Not defined in .h
304,248,*aRmS,struct_0,char,Not defined in .h
305,249,*aMmB_B_B,struct_0,char,Not defined in .h
306,250,*aPdmOptions,struct_0,char,Not defined in .h
307,251,*aSn08ld,struct_0,char,Not defined in .h
308,252,*aRename,struct_0,char,Not defined in .h
309,253,*aResetPdm,struct_0,char,Not defined in .h
310,254,*anonymous_14,struct_0,char,Not defined in .h
311,255,*aReviewAllSetti,struct_0,char,Not defined in .h
312,256,*aReverseCorrect,struct_0,char,Not defined in .h
313,257,*aScreenTimeOut,struct_0,char,Not defined in .h
314,258,*aSec,struct_0,char,Not defined in .h
315,259,*aSegment,struct_0,char,Not defined in .h
316,260,*aSeptember,struct_0,char,Not defined in .h
317,261,*aServingSize,struct_0,char,Not defined in .h
318,262,*aSettings_0,struct_0,char,Not defined in .h
319,263,*aSnacks,struct_0,char,Not defined in .h
320,264,*aMealIobWillRed,struct_0,char,Not defined in .h
321,265,*aCorrectionIobW,struct_0,char,Not defined in .h
322,266,*aIobIsSubtracte,struct_0,char,Not defined in .h
323,267,*aBgSound,struct_0,char,Not defined in .h
324,268,*aPYRemains,struct_0,char,Not defined in .h
325,269,*aUYRemains_0,struct_0,char,Not defined in .h
326,270,*aPodExp,struct_0,char,Not defined in .h
327,271,*aPodExpChangePo,struct_0,char,Not defined in .h
328,272,*aUYRemains,struct_0,char,Not defined in .h
329,273,*aExtBolus,struct_0,char,Not defined in .h
330,274,*aStandardBgTags,struct_0,char,Not defined in .h
331,275,*aSuggestedBol_1,struct_0,char,Not defined in .h
332,276,*aSuspendBegin,struct_0,char,Not defined in .h
333,277,*aSuspendCancel,struct_0,char,Not defined in .h
334,278,*aSuspendInsulin,struct_0,char,Not defined in .h
335,279,*aSuspend,struct_0,char,Not defined in .h
336,280,*aSystemSetup,struct_0,char,Not defined in .h
337,281,*aTag_0,struct_0,char,Not defined in .h
338,282,*aC_1,struct_0,char,Not defined in .h
339,283,*aTargetBgRange,struct_0,char,Not defined in .h
340,284,*aTargetBg,struct_0,char,Not defined in .h
341,285,*aTemp,struct_0,char,Not defined in .h
342,286,*aTempBasalB,struct_0,char,Not defined in .h
343,287,*aTempBasalPrese,struct_0,char,Not defined in .h
344,288,*aTempBasal,struct_0,char,Not defined in .h
345,289,*aTempUP,struct_0,char,Not defined in .h
346,290,*aTime,struct_0,char,Not defined in .h
347,291,*aTime_0,struct_0,char,Not defined in .h
348,292,*aDateTimeChange,struct_0,char,Not defined in .h
349,293,*aTimeRemaining,struct_0,char,Not defined in .h
350,294,*aToday,struct_0,char,Not defined in .h
351,295,*aToday_0,struct_0,char,Not defined in .h
352,296,*aTotal,struct_0,char,Not defined in .h
353,297,*aBasal_1,struct_0,char,Not defined in .h
354,298,*anonymous_15,struct_0,char,Not defined in .h
355,299,*aTotalDaily,struct_0,char,Not defined in .h
356,300,*aTotalIob,struct_0,char,Not defined in .h
357,301,*aTotal_0,struct_0,char,Not defined in .h
358,302,*aType,struct_0,char,Not defined in .h
359,303,*aUHr,struct_0,char,Not defined in .h
360,304,*aU_3,struct_0,char,Not defined in .h
361,305,*aUnits_1,struct_0,char,Not defined in .h
362,306,*aUseForBolusCal,struct_0,char,Not defined in .h
363,307,*aMyInfo,struct_0,char,Not defined in .h
364,308,*aUserSettings,struct_0,char,Not defined in .h
365,309,*aVibrate,struct_0,char,Not defined in .h
366,310,*aVibrateThenBee,struct_0,char,Not defined in .h
367,311,*aVibration,struct_0,char,Not defined in .h
368,312,*aViewFoodLibrar,struct_0,char,Not defined in .h
369,313,*aView,struct_0,char,Not defined in .h
370,314,*aVolumeRemainin,struct_0,char,Not defined in .h
371,315,*aYourExtendedBo,struct_0,char,Not defined in .h
372,316,*aYourTempBasalW,struct_0,char,Not defined in .h
373,317,*aYourTempBasalA,struct_0,char,Not defined in .h
374,318,*aMmDdYy,struct_0,char,Not defined in .h
375,319,*aDdMmYy,struct_0,char,Not defined in .h
376,320,*aMm_dd_yy,struct_0,char,Not defined in .h
377,321,*aDd_mm_yy,struct_0,char,Not defined in .h
378,322,*aYyMmDd,struct_0,char,Not defined in .h
379,323,*a1_2U0_25UHr3_5,struct_0,char,Not defined in .h
380,324,*a12U025UHr35Hr,struct_0,char,Not defined in .h
381,325,*aNotForHumanUse,struct_0,char,Not defined in .h
382,326,*aCalibrationC_0,struct_0,char,Not defined in .h
383,327,*aWhite,struct_0,char,Not defined in .h
384,328,*aOrange,struct_0,char,Not defined in .h
385,329,*aGreen,struct_0,char,Not defined in .h
386,330,*aPurple,struct_0,char,Not defined in .h
387,331,*aBlue,struct_0,char,Not defined in .h
388,332,*aIdScreen,struct_0,char,Not defined in .h
389,333,*aId,struct_0,char,Not defined in .h
390,334,*aScreenColor,struct_0,char,Not defined in .h
391,335,*aPressConfirmIf,struct_0,char,Not defined in .h
392,336,*aLotLLu,struct_0,char,Not defined in .h
393,337,*aTidTLu,struct_0,char,Not defined in .h
394,338,*aThisWillTemp_0,struct_0,char,Not defined in .h
395,339,*aThisWillTemp_1,struct_0,char,Not defined in .h
396,340,*aThisWillTempor,struct_0,char,Not defined in .h
397,341,*aEnglish,struct_0,char,Not defined in .h
398,342,*aFrancais,struct_0,char,Not defined in .h
399,343,*aDeutsch,struct_0,char,Not defined in .h
400,344,*aNederlands,struct_0,char,Not defined in .h
401,345,*aSvenska,struct_0,char,Not defined in .h
402,346,*aItaliano,struct_0,char,Not defined in .h
403,347,*aNorsk,struct_0,char,Not defined in .h
404,1,struct_GPIO,struct_GPIO,struct,Not defined in .h
405,2,DDIR,struct_GPIO,_DWORD,Not defined in .h
406,3,OCR1,struct_GPIO,_DWORD,Not defined in .h
407,4,OCR2,struct_GPIO,_DWORD,Not defined in .h
408,5,ICONFA1,struct_GPIO,_DWORD,Not defined in .h
409,6,ICONFA2,struct_GPIO,_DWORD,Not defined in .h
410,7,ICONFB1,struct_GPIO,_DWORD,Not defined in .h
411,8,ICONFB2,struct_GPIO,_DWORD,Not defined in .h
412,9,DR,struct_GPIO,_DWORD,Not defined in .h
413,10,GIUS,struct_GPIO,_DWORD,Not defined in .h
414,11,SSR,struct_GPIO,_DWORD,Not defined in .h
415,12,ICR1,struct_GPIO,_DWORD,Not defined in .h
416,13,ICR2,struct_GPIO,_DWORD,Not defined in .h
417,14,IMR,struct_GPIO,_DWORD,Not defined in .h
418,15,ISR,struct_GPIO,_DWORD,Not defined in .h
419,16,GPR,struct_GPIO,_DWORD,Not defined in .h
420,17,SWR,struct_GPIO,_DWORD,Not defined in .h
421,18,PUEN,struct_GPIO,_DWORD,Not defined in .h
422,1,struct_v4,struct_v4,struct,Not defined in .h
423,2,dword0,struct_v4,_DWORD,Not defined in .h
424,3,dword4,struct_v4,_DWORD,Not defined in .h
425,4,dword8,struct_v4,_DWORD,Not defined in .h
426,5,dwordC,struct_v4,_DWORD,Not defined in .h
427,1,struct_a3_28,struct_a3_28,__attribute__((aligned(2))),Not defined in .h
428,2,dword0,struct_a3_28,_DWORD,Not defined in .h
429,3,byte4,struct_a3_28,_BYTE,Not defined in .h
430,4,byte5,struct_a3_28,_BYTE,Not defined in .h
431,5,gap6[2],struct_a3_28,_BYTE,Not defined in .h
432,6,dword8,struct_a3_28,_DWORD,Not defined in .h
433,7,gapC[4],struct_a3_28,_BYTE,Not defined in .h
434,8,word10,struct_a3_28,_WORD,Not defined in .h
435,1,struct_a1,struct_a1,__attribute__((aligned(1))),Not defined in .h
436,2,dword0,struct_a1,_DWORD,Not defined in .h
437,3,fun4,struct_a1,_DWORD,Not defined in .h
438,4,word8,struct_a1,_DWORD,Not defined in .h
439,5,dword0B,struct_a1,_DWORD,Not defined in .h
440,6,dword10,struct_a1,_DWORD,Not defined in .h
441,7,dword14,struct_a1,_DWORD,Not defined in .h
442,8,dword18,struct_a1,_DWORD,Not defined in .h
443,9,dword1B,struct_a1,_DWORD,Not defined in .h
444,1,struct_record_info,struct_record_info,__attribute__((aligned(2))),Not defined in .h
445,2,field_0,struct_record_info,int,Not defined in .h
446,3,lenght,struct_record_info,char,Not defined in .h
447,4,field_5,struct_record_info,char,Not defined in .h
448,5,field_6,struct_record_info,char,Not defined in .h
449,6,field_7,struct_record_info,char,Not defined in .h
450,7,field_8,struct_record_info,char,Not defined in .h
451,8,field_9,struct_record_info,__int8,Not defined in .h
452,9,field_A,struct_record_info,char,Not defined in .h
453,10,field_B,struct_record_info,char,Not defined in .h
454,1,struct_bytes3,struct_bytes3,struct,Not defined in .h
455,2,field_0,struct_bytes3,int,Not defined in .h
456,3,field_4,struct_bytes3,int,Not defined in .h
457,4,*field_8,struct_bytes3,_BYTE,Not defined in .h
458,1,struc_36h,struc_36h,struct,Not defined in .h
459,2,field_0,struc_36h,__int16,Not defined in .h
460,3,field_2,struc_36h,__int16,Not defined in .h
461,4,field_4,struc_36h,__int16,Not defined in .h
462,5,field_6,struc_36h,__int16,Not defined in .h
463,6,field_8,struc_36h,__int16,Not defined in .h
464,7,field_A,struc_36h,__int16,Not defined in .h
465,8,field_C,struc_36h,__int16,Not defined in .h
466,9,field_E,struc_36h,__int16,Not defined in .h
467,10,field_10,struc_36h,__int16,Not defined in .h
468,11,field_12,struc_36h,__int16,Not defined in .h
469,12,field_14,struc_36h,__int16,Not defined in .h
470,13,field_16,struc_36h,__int16,Not defined in .h
471,14,field_18,struc_36h,__int16,Not defined in .h
472,15,field_1A,struc_36h,__int16,Not defined in .h
473,16,field_1C,struc_36h,__int16,Not defined in .h
474,17,field_1E,struc_36h,__int16,Not defined in .h
475,18,field_20,struc_36h,__int16,Not defined in .h
476,19,field_22,struc_36h,__int16,Not defined in .h
477,20,field_24,struc_36h,__int16,Not defined in .h
478,21,field_26,struc_36h,__int16,Not defined in .h
479,22,field_28,struc_36h,__int16,Not defined in .h
480,23,field_2A,struc_36h,__int16,Not defined in .h
481,24,field_2C,struc_36h,__int16,Not defined in .h
482,25,field_2E,struc_36h,__int16,Not defined in .h
483,26,field_30,struc_36h,__int16,Not defined in .h
484,27,field_32,struc_36h,__int16,Not defined in .h
485,28,field_34,struc_36h,__int16,Not defined in .h
486,1,struct_msgs,struct_msgs,struct,Not defined in .h
487,2,*anonymous_0,struct_msgs,void,Not defined in .h
488,3,*aNoActivePod_Would,struct_msgs,void,Not defined in .h
489,4,*aBolusCanceled_UDe,struct_msgs,void,Not defined in .h
490,5,*aDeliveringUBolus,struct_msgs,void,Not defined in .h
491,6,*aInsulinDeliverySu,struct_msgs,void,Not defined in .h
492,7,*aUserInterfaceDi_0,struct_msgs,void,Not defined in .h
493,8,*aUserInterfaceDisa,struct_msgs,void,Not defined in .h
494,9,*aInsulinOnBoa_0,struct_msgs,void,Not defined in .h
495,10,*aSerialDiagnost,struct_msgs,void,Not defined in .h
496,11,*aRfCommunicatio,struct_msgs,void,Not defined in .h
497,12,*aEnterBolusAmou,struct_msgs,void,Not defined in .h
498,13,*aAnExtendedBolu,struct_msgs,void,Not defined in .h
499,14,*aPressConfirmTo,struct_msgs,void,Not defined in .h
500,15,*aYourOldExtende,struct_msgs,void,Not defined in .h
501,16,*aStartBolus,struct_msgs,void,Not defined in .h
502,17,*aTotalBolusUEnte,struct_msgs,void,Not defined in .h
503,18,*aExtendedBolusUE,struct_msgs,void,Not defined in .h
504,19,*aScheduleABgRemi,struct_msgs,void,Not defined in .h
505,20,*aRemindMeToCheck,struct_msgs,void,Not defined in .h
506,21,*aMaximumDuration,struct_msgs,void,Not defined in .h
507,22,*aEnterCurrentBg_,struct_msgs,void,Not defined in .h
508,23,*aAreYouGoingToEa,struct_msgs,void,Not defined in .h
509,24,*aCheckForKetones,struct_msgs,void,Not defined in .h
510,25,*aSelectARecentBg,struct_msgs,void,Not defined in .h
511,26,*aNoBgReadingsInT,struct_msgs,void,Not defined in .h
512,27,*aConfigureTheLis,struct_msgs,void,Not defined in .h
513,28,*aInvalidCustomTa,struct_msgs,void,Not defined in .h
514,29,*aSaveBgReading,struct_msgs,void,Not defined in .h
515,30,*aCarbPresets_1,struct_msgs,void,Not defined in .h
516,31,*anonymous_1,struct_msgs,void,Not defined in .h
517,32,*aSelectTag,struct_msgs,void,Not defined in .h
518,33,*aInvalidCarbPre,struct_msgs,void,Not defined in .h
519,34,*aEnterCarbs_,struct_msgs,void,Not defined in .h
520,35,*aEnterFiber_,struct_msgs,void,Not defined in .h
521,36,*aEnterFat_,struct_msgs,void,Not defined in .h
522,37,*aEnterProtein_,struct_msgs,void,Not defined in .h
523,38,*aEnterCalories_,struct_msgs,void,Not defined in .h
524,39,*aS_3,struct_msgs,void,Not defined in .h
525,40,*aDeletePreset,struct_msgs,void,Not defined in .h
526,41,*anonymous_2,struct_msgs,void,Not defined in .h
527,42,*aCarbs_0,struct_msgs,void,Not defined in .h
528,43,*aSuggestedBolusU,struct_msgs,void,Not defined in .h
529,44,*aPressOkToConfi,struct_msgs,void,Not defined in .h
530,45,*aNoBolusWillBeDe,struct_msgs,void,Not defined in .h
531,46,*aWarningExceedsM,struct_msgs,void,Not defined in .h
532,47,*aATempBasalIsCur,struct_msgs,void,Not defined in .h
533,48,*aEnterTempBasalR,struct_msgs,void,Not defined in .h
534,49,*aEnterDurationFo,struct_msgs,void,Not defined in .h
535,50,*aEnterDuration_0,struct_msgs,void,Not defined in .h
536,51,*aStartTempBasal,struct_msgs,void,Not defined in .h
537,52,*aStartTempBasalT,struct_msgs,void,Not defined in .h
538,53,*aStartTempBasalI,struct_msgs,void,Not defined in .h
539,54,*aStartTempBasalD,struct_msgs,void,Not defined in .h
540,55,*aRequestedTempBa,struct_msgs,void,Not defined in .h
541,56,*aEnterTempBasalC,struct_msgs,void,Not defined in .h
542,57,*aInsulinTotals,struct_msgs,void,Not defined in .h
543,58,*aBolusHistory,struct_msgs,void,Not defined in .h
544,59,*aBasalHistory,struct_msgs,void,Not defined in .h
545,60,*aLastStatusTDWou,struct_msgs,void,Not defined in .h
546,61,*aAlarmHistory,struct_msgs,void,Not defined in .h
547,62,*aCarbHistory_0,struct_msgs,void,Not defined in .h
548,63,*aAllHistory_0,struct_msgs,void,Not defined in .h
549,64,*aBg_1,struct_msgs,void,Not defined in .h
550,65,*aFoodLibrary,struct_msgs,void,Not defined in .h
551,66,*aFoodLibrarySS,struct_msgs,void,Not defined in .h
552,67,*aEnterTheFirstL,struct_msgs,void,Not defined in .h
553,68,*aFoodLibraryZ,struct_msgs,void,Not defined in .h
554,69,*aPressConfirm_0,struct_msgs,void,Not defined in .h
555,70,*aPodDeactivat_0,struct_msgs,void,Not defined in .h
556,71,*aCommunicationEr,struct_msgs,void,Not defined in .h
557,72,*aFillANewPodWit,struct_msgs,void,Not defined in .h
558,73,*aPrepareInfusion,struct_msgs,void,Not defined in .h
559,74,*aPrepareInfusi_0,struct_msgs,void,Not defined in .h
560,75,*aPressStartToIn,struct_msgs,void,Not defined in .h
561,76,*aPodIsActive_SHa,struct_msgs,void,Not defined in .h
562,77,*aPdmAndPodNotCom,struct_msgs,void,Not defined in .h
563,78,*aPdmAndPodNotC_0,struct_msgs,void,Not defined in .h
564,79,*aPodSetupWasNotC,struct_msgs,void,Not defined in .h
565,80,*aThePodChangePro,struct_msgs,void,Not defined in .h
566,81,*aPressDiscardToD,struct_msgs,void,Not defined in .h
567,82,*aBasalPrograms_0,struct_msgs,void,Not defined in .h
568,83,*aCannotEnableNew,struct_msgs,void,Not defined in .h
569,84,*aPressEnableToSt,struct_msgs,void,Not defined in .h
570,85,*aPodSuspended_SW,struct_msgs,void,Not defined in .h
571,86,*aS_5,struct_msgs,void,Not defined in .h
572,87,*aPressDeleteToRe,struct_msgs,void,Not defined in .h
573,88,*aEnterStartTimeF,struct_msgs,void,Not defined in .h
574,89,*aStartTimeTEnter,struct_msgs,void,Not defined in .h
575,90,*aSegmentTTEnterB,struct_msgs,void,Not defined in .h
576,91,*aEditName_,struct_msgs,void,Not defined in .h
577,92,*aInvalidBasalPro,struct_msgs,void,Not defined in .h
578,93,*aPressSaveToUpda,struct_msgs,void,Not defined in .h
579,94,*aYouHaveCreatedM,struct_msgs,void,Not defined in .h
580,95,*aPressSaveToAddS,struct_msgs,void,Not defined in .h
581,96,*aSEnterBasalRate,struct_msgs,void,Not defined in .h
582,97,*aCannotDeleteThe,struct_msgs,void,Not defined in .h
583,98,*aCannotEditActiv,struct_msgs,void,Not defined in .h
584,99,*aCannotCreateMor,struct_msgs,void,Not defined in .h
585,100,*aTempBasalPreset,struct_msgs,void,Not defined in .h
586,101,*aCannotEditAnAct,struct_msgs,void,Not defined in .h
587,102,*aSRateUDurationR,struct_msgs,void,Not defined in .h
588,103,*aSChangePDuratio,struct_msgs,void,Not defined in .h
589,104,*aPressDeleteTo_0,struct_msgs,void,Not defined in .h
590,105,*aPressDeleteTo_1,struct_msgs,void,Not defined in .h
591,106,*aInvalidTempBasa,struct_msgs,void,Not defined in .h
592,107,*aEnterRateForS_,struct_msgs,void,Not defined in .h
593,108,*aEnterDuration_1,struct_msgs,void,Not defined in .h
594,109,*aEnterDuration_2,struct_msgs,void,Not defined in .h
595,110,*aEnterChangeForS,struct_msgs,void,Not defined in .h
596,111,*aBolusPresets_0,struct_msgs,void,Not defined in .h
597,112,*aInvalidBolusPre,struct_msgs,void,Not defined in .h
598,113,*aEnterBolusPrese,struct_msgs,void,Not defined in .h
599,114,*aSAmountU,struct_msgs,void,Not defined in .h
600,115,*aPressDeleteTo_2,struct_msgs,void,Not defined in .h
601,116,*aCannotChangeTim,struct_msgs,void,Not defined in .h
602,117,*aBgSound_0,struct_msgs,void,Not defined in .h
603,118,*aVibrationOption,struct_msgs,void,Not defined in .h
604,119,*aPressSaveToUp_0,struct_msgs,void,Not defined in .h
605,120,*aBgGoalUpperLimi,struct_msgs,void,Not defined in .h
606,121,*aBgGoal_0,struct_msgs,void,Not defined in .h
607,122,*aEnterCurrentTim,struct_msgs,void,Not defined in .h
608,123,*aEnterCurrentYea,struct_msgs,void,Not defined in .h
609,124,*aEnterCurrentMon,struct_msgs,void,Not defined in .h
610,125,*aEnterCurrentDay,struct_msgs,void,Not defined in .h
611,126,*aDateFormat,struct_msgs,void,Not defined in .h
612,127,*aSelectTheWayNum,struct_msgs,void,Not defined in .h
613,128,*aPressConfirmToA,struct_msgs,void,Not defined in .h
614,129,*aPressConfirmT_0,struct_msgs,void,Not defined in .h
615,130,*aEnterMaximumBol,struct_msgs,void,Not defined in .h
616,131,*aMaxBolusConflic,struct_msgs,void,Not defined in .h
617,132,*aEnterMaximumBas,struct_msgs,void,Not defined in .h
618,133,*aMaxBasalRateCon,struct_msgs,void,Not defined in .h
619,134,*aSelectBolusIncr,struct_msgs,void,Not defined in .h
620,135,*aBolusCalculatio,struct_msgs,void,Not defined in .h
621,136,*aNotifyWhenPodEx,struct_msgs,void,Not defined in .h
622,137,*aNotifyWhenReser,struct_msgs,void,Not defined in .h
623,138,*aAlertIfNoPodSta,struct_msgs,void,Not defined in .h
624,139,*aBgReminder_0,struct_msgs,void,Not defined in .h
625,140,*aProgramReminder,struct_msgs,void,Not defined in .h
626,141,*aConfidenceRemin,struct_msgs,void,Not defined in .h
627,142,*aBolusReminder_0,struct_msgs,void,Not defined in .h
628,143,*aEnterStartTim_0,struct_msgs,void,Not defined in .h
629,144,*aYouHaveCreate_0,struct_msgs,void,Not defined in .h
630,145,*aBolusReminderTT,struct_msgs,void,Not defined in .h
631,146,*aPressDeleteTo_3,struct_msgs,void,Not defined in .h
632,147,*aPressSaveToUp_1,struct_msgs,void,Not defined in .h
633,148,*aSuspendInsulinD,struct_msgs,void,Not defined in .h
634,149,*aSuspendAllDeliv,struct_msgs,void,Not defined in .h
635,150,*aCancelExtendedB,struct_msgs,void,Not defined in .h
636,151,*aCancelTempBasal,struct_msgs,void,Not defined in .h
637,152,*aCancelTempBas_0,struct_msgs,void,Not defined in .h
638,153,*aInsulinDelivery,struct_msgs,void,Not defined in .h
639,154,*aPdmLock_0,struct_msgs,void,Not defined in .h
640,155,*aScreenTimeOut_0,struct_msgs,void,Not defined in .h
641,156,*aBacklightTimeOu,struct_msgs,void,Not defined in .h
642,157,*aPressOkToCheckA,struct_msgs,void,Not defined in .h
643,158,*aPressOkToChec_0,struct_msgs,void,Not defined in .h
644,159,*aPressConfirmToR,struct_msgs,void,Not defined in .h
645,160,*aCannotResetPdmW,struct_msgs,void,Not defined in .h
646,161,*aCheckingAlarms_,struct_msgs,void,Not defined in .h
647,162,*aLowPdmBatteries,struct_msgs,void,Not defined in .h
648,163,*aCannotCheckAlar,struct_msgs,void,Not defined in .h
649,164,*aSelectALanguage,struct_msgs,void,Not defined in .h
650,165,*aWelcomeToTheMyl,struct_msgs,void,Not defined in .h
651,166,*aWelcomeToTheOmn,struct_msgs,void,Not defined in .h
652,167,*aPressSaveToAcce,struct_msgs,void,Not defined in .h
653,168,*aYourMylifeOmnip,struct_msgs,void,Not defined in .h
654,169,*aYourOmnipodInsu,struct_msgs,void,Not defined in .h
655,170,*aTempBasal_0,struct_msgs,void,Not defined in .h
656,171,*aBgUnits_0,struct_msgs,void,Not defined in .h
657,172,*aEnterLowerLimit,struct_msgs,void,Not defined in .h
658,173,*aEnterUpperLimit,struct_msgs,void,Not defined in .h
659,174,*aSuggestedBolusC,struct_msgs,void,Not defined in .h
660,175,*aEnterTargetBgTh,struct_msgs,void,Not defined in .h
661,176,*aTargetCorrectAb,struct_msgs,void,Not defined in .h
662,177,*aEnterStartTim_1,struct_msgs,void,Not defined in .h
663,178,*anonymous_3,struct_msgs,void,Not defined in .h
664,179,*aSegmentTTEnterY,struct_msgs,void,Not defined in .h
665,180,*aYouHaveCreate_1,struct_msgs,void,Not defined in .h
666,181,*aPressSaveToAc_0,struct_msgs,void,Not defined in .h
667,182,*aSegmentTTTarget,struct_msgs,void,Not defined in .h
668,183,*aTargetBgBSugges,struct_msgs,void,Not defined in .h
669,184,*aEnterIcRatioTh,struct_msgs,void,Not defined in .h
670,185,*aInsulinToCarbI,struct_msgs,void,Not defined in .h
671,186,*aEnterStartTi_0,struct_msgs,void,Not defined in .h
672,187,*aSegmentTTEnterI,struct_msgs,void,Not defined in .h
673,188,*aPressSaveToAc_1,struct_msgs,void,Not defined in .h
674,189,*aEnterCorrection,struct_msgs,void,Not defined in .h
675,190,*aCorrectionFacto,struct_msgs,void,Not defined in .h
676,191,*aEnterStartTim_2,struct_msgs,void,Not defined in .h
677,192,*aSegmentTTEnter,struct_msgs,void,Not defined in .h
678,193,*aPressSaveToAc_2,struct_msgs,void,Not defined in .h
679,194,*aReverseCorre_1,struct_msgs,void,Not defined in .h
680,195,*aEnterDurationOf,struct_msgs,void,Not defined in .h
681,196,*aMissedBolusR_0,struct_msgs,void,Not defined in .h
682,197,*aExtendedBolus,struct_msgs,void,Not defined in .h
683,198,*aEnterMinimumBg,struct_msgs,void,Not defined in .h
684,199,*aCommunication_1,struct_msgs,void,Not defined in .h
685,200,*aCommunicatio_5,struct_msgs,void,Not defined in .h
686,201,*aCommunicatio_1,struct_msgs,void,Not defined in .h
687,202,*aCommunicationT,struct_msgs,void,Not defined in .h
688,203,*aCommunicatio_2,struct_msgs,void,Not defined in .h
689,204,*aCommunicatio_3,struct_msgs,void,Not defined in .h
690,205,*aCommunicationS,struct_msgs,void,Not defined in .h
691,206,*aCommunicationE,struct_msgs,void,Not defined in .h
692,207,*anonymous_4,struct_msgs,void,Not defined in .h
693,208,*aExtendedBolusI,struct_msgs,void,Not defined in .h
694,209,*anonymous_5,struct_msgs,void,Not defined in .h
695,210,*anonymous_6,struct_msgs,void,Not defined in .h
696,211,*aEnterAmountOfM,struct_msgs,void,Not defined in .h
697,212,*aExtendedBolu_0,struct_msgs,void,Not defined in .h
698,213,*aBolusCalcsCann,struct_msgs,void,Not defined in .h
699,214,*aCustomRemind_0,struct_msgs,void,Not defined in .h
700,215,*aInvalidCustomR,struct_msgs,void,Not defined in .h
701,216,*aEnterTime_,struct_msgs,void,Not defined in .h
702,217,*aSelectOption,struct_msgs,void,Not defined in .h
703,218,*aSTimeTSettingF,struct_msgs,void,Not defined in .h
704,219,*aPressDeleteToR,struct_msgs,void,Not defined in .h
705,220,*aEnterCode_,struct_msgs,void,Not defined in .h
706,221,*aApplyABloodSam,struct_msgs,void,Not defined in .h
707,222,(*anonymous_7)[],struct_msgs,#27,Not defined in .h
708,223,*aSelectBgTag,struct_msgs,void,Not defined in .h
709,224,*aBgTagListIsEmp,struct_msgs,void,Not defined in .h
710,225,*aMeterErrorD_Se,struct_msgs,void,Not defined in .h
711,226,*aBolusCalcula_0,struct_msgs,void,Not defined in .h
712,227,*aBolusCalculati,struct_msgs,void,Not defined in .h
713,228,*aTreatYourLow_0,struct_msgs,void,Not defined in .h
714,229,*aDueToARecentCl,struct_msgs,void,Not defined in .h
715,230,*aBgCalibrationC,struct_msgs,void,Not defined in .h
716,231,*aTreatYourLowBg,struct_msgs,void,Not defined in .h
717,232,*aIfYouChooseToU,struct_msgs,void,Not defined in .h
718,233,*aControlSolutio,struct_msgs,void,Not defined in .h
719,234,*aMeterTempera_0,struct_msgs,void,Not defined in .h
720,235,*aDeleteCustomTa,struct_msgs,void,Not defined in .h
721,236,*aPodError_Insul,struct_msgs,void,Not defined in .h
722,237,*aPdmError_Rem_0,struct_msgs,void,Not defined in .h
723,238,*aPdmError_Remov,struct_msgs,void,Not defined in .h
724,239,*aOcclusionDet_0,struct_msgs,void,Not defined in .h
725,240,*aEmptyReservoir,struct_msgs,void,Not defined in .h
726,241,*aAutoOff_Remove,struct_msgs,void,Not defined in .h
727,242,*aPodExpired_Ins,struct_msgs,void,Not defined in .h
728,243,*aEndOfInsulinSu,struct_msgs,void,Not defined in .h
729,244,*aLowReservoir_R,struct_msgs,void,Not defined in .h
730,245,*aAutoOffAdvisor,struct_msgs,void,Not defined in .h
731,246,*aPodExpirationA,struct_msgs,void,Not defined in .h
732,247,*anonymous_8,struct_msgs,void,Not defined in .h
733,248,*aOcclusionDetec,struct_msgs,void,Not defined in .h
734,249,*aStuckKeyDetect,struct_msgs,void,Not defined in .h
735,250,*aStuckKeyDete_0,struct_msgs,void,Not defined in .h
736,251,*aLowPdmBatterie,struct_msgs,void,Not defined in .h
737,252,*aReminderCheckB,struct_msgs,void,Not defined in .h
738,253,*aReminderMissed,struct_msgs,void,Not defined in .h
739,254,*aCustomReminder,struct_msgs,void,Not defined in .h
740,255,*aReminderNoActi,struct_msgs,void,Not defined in .h
741,256,*aExpirationAler,struct_msgs,void,Not defined in .h
742,257,*aSystemError_Re,struct_msgs,void,Not defined in .h
743,258,*aSystemError__0,struct_msgs,void,Not defined in .h
744,259,*aPdmError_Press,struct_msgs,void,Not defined in .h
745,260,*aWarningClockRe,struct_msgs,void,Not defined in .h
746,261,*aPodDeactivatio,struct_msgs,void,Not defined in .h
747,262,*aPdmError_Memor,struct_msgs,void,Not defined in .h
748,263,*aLowPdmBatter_0,struct_msgs,void,Not defined in .h
749,264,*aUsbDeviceDetec,struct_msgs,void,Not defined in .h
750,265,*aUsbDeviceReady,struct_msgs,void,Not defined in .h
751,266,(*anonymous_9)[],struct_msgs,#27,Not defined in .h
752,267,(*anonymous_10)[],struct_msgs,#27,Not defined in .h
753,268,(*anonymous_11)[],struct_msgs,#27,Not defined in .h
754,269,(*anonymous_12)[],struct_msgs,#27,Not defined in .h
755,270,(*anonymous_13)[],struct_msgs,#27,Not defined in .h
756,271,(*anonymous_14)[],struct_msgs,#27,Not defined in .h
757,272,(*anonymous_15)[],struct_msgs,#27,Not defined in .h
758,273,(*anonymous_16)[],struct_msgs,#27,Not defined in .h
759,274,(*anonymous_17)[],struct_msgs,#27,Not defined in .h
760,275,(*anonymous_18)[],struct_msgs,#27,Not defined in .h
761,276,(*anonymous_19)[],struct_msgs,#27,Not defined in .h
762,277,(*anonymous_20)[],struct_msgs,#27,Not defined in .h
763,278,(*anonymous_21)[],struct_msgs,#27,Not defined in .h
764,279,(*anonymous_22)[],struct_msgs,#27,Not defined in .h
765,280,(*anonymous_23)[],struct_msgs,#27,Not defined in .h
766,281,(*anonymous_24)[],struct_msgs,#27,Not defined in .h
767,282,(*anonymous_25)[],struct_msgs,#27,Not defined in .h
768,283,(*anonymous_26)[],struct_msgs,#27,Not defined in .h
769,284,(*anonymous_27)[],struct_msgs,#27,Not defined in .h
770,285,*aPressClearToRe,struct_msgs,void,Not defined in .h
771,286,*aClearingPdm_Do,struct_msgs,void,Not defined in .h
772,287,*aEnterYourNameO,struct_msgs,void,Not defined in .h
773,288,*aChooseAColorFo,struct_msgs,void,Not defined in .h
774,289,*aPdmId,struct_msgs,void,Not defined in .h
775,1,struct_usb_sysreg,struct_usb_sysreg,struct,Not defined in .h
776,2,USB_CORE_HWMODE,struct_usb_sysreg,_DWORD,Not defined in .h
777,3,USB_CORE_CINTSTAT,struct_usb_sysreg,_DWORD,Not defined in .h
778,4,USB_CORE_CINTSTEN,struct_usb_sysreg,_DWORD,Not defined in .h
779,5,USB_CORE_CLKCTRL,struct_usb_sysreg,_DWORD,Not defined in .h
780,6,USB_CORE_RSTCTRL,struct_usb_sysreg,_DWORD,Not defined in .h
781,7,USB_CORE_FRAME_INVTL,struct_usb_sysreg,_DWORD,Not defined in .h
782,8,USB_CORE_FRAME_REMAIN,struct_usb_sysreg,_DWORD,Not defined in .h
783,9,USB_CORE_HNPCTRL,struct_usb_sysreg,_DWORD,Not defined in .h
784,10,USB_CORE_HNP_TMR1,struct_usb_sysreg,_DWORD,Not defined in .h
785,11,USB_CORE_HNP_TMR2,struct_usb_sysreg,_DWORD,Not defined in .h
786,12,USB_CORE_HNP_TMR3PCR,struct_usb_sysreg,_DWORD,Not defined in .h
787,13,USB_CORE_HNP_INTSTAT,struct_usb_sysreg,_DWORD,Not defined in .h
788,14,USB_CORE_HNP_INTEN,struct_usb_sysreg,_DWORD,Not defined in .h
789,15,USB_CORE_PAD[3],struct_usb_sysreg,_DWORD,Not defined in .h
790,16,USB_FUNC_FUNCOMSTAT,struct_usb_sysreg,_DWORD,Not defined in .h
791,17,USB_FUNC_DEVADDR,struct_usb_sysreg,_DWORD,Not defined in .h
792,18,USB_FUNC_SINTSTAT,struct_usb_sysreg,_DWORD,Not defined in .h
793,19,USB_FUNC_SINTEN,struct_usb_sysreg,_DWORD,Not defined in .h
794,20,USB_FUNC_XBUFINTSTAT,struct_usb_sysreg,_DWORD,Not defined in .h
795,21,USB_FUNC_YBUFINTSTAT,struct_usb_sysreg,_DWORD,Not defined in .h
796,22,USB_FUNC_XYINTEN,struct_usb_sysreg,_DWORD,Not defined in .h
797,23,USB_FUNC_XFILLSTAT,struct_usb_sysreg,_DWORD,Not defined in .h
798,24,USB_FUNC_YFILLSTAT,struct_usb_sysreg,_DWORD,Not defined in .h
799,25,USB_FUNC_EPEN,struct_usb_sysreg,_DWORD,Not defined in .h
800,26,USB_FUNC_EPRDY,struct_usb_sysreg,_DWORD,Not defined in .h
801,27,USB_FUNC_IMMDONEINT,struct_usb_sysreg,_DWORD,Not defined in .h
802,28,USB_FUNC_EPDONESTAT,struct_usb_sysreg,_DWORD,Not defined in .h
803,29,USB_FUNC_EPDONEEN,struct_usb_sysreg,_DWORD,Not defined in .h
804,30,USB_FUNC_EPTOGGBITS,struct_usb_sysreg,_DWORD,Not defined in .h
805,31,USB_FUNC_FRAME_NUMBER,struct_usb_sysreg,_DWORD,Not defined in .h
806,32,USB_HOST_HOSTCTRL,struct_usb_sysreg,_DWORD,Not defined in .h
807,33,USB_HOST_RESERVED_84,struct_usb_sysreg,_DWORD,Not defined in .h
808,34,USB_HOST_SINTSTAT,struct_usb_sysreg,_DWORD,Not defined in .h
809,35,USB_HOST_SINTEN,struct_usb_sysreg,_DWORD,Not defined in .h
810,36,USB_HOST_RESERVED_90,struct_usb_sysreg,_DWORD,Not defined in .h
811,37,USB_HOST_RESERVED_94,struct_usb_sysreg,_DWORD,Not defined in .h
812,38,USB_HOST_XBUFINTSTAT,struct_usb_sysreg,_DWORD,Not defined in .h
813,39,USB_HOST_YBUFINTSTAT,struct_usb_sysreg,_DWORD,Not defined in .h
814,40,USB_HOST_XYINTEN,struct_usb_sysreg,_DWORD,Not defined in .h
815,41,USB_HOST_RESERVED_A4,struct_usb_sysreg,_DWORD,Not defined in .h
816,42,USB_HOST_XFILLSTAT,struct_usb_sysreg,_DWORD,Not defined in .h
817,43,USB_HOST_YFILLSTAT,struct_usb_sysreg,_DWORD,Not defined in .h
818,44,USB_HOST_RESERVED_B0,struct_usb_sysreg,_DWORD,Not defined in .h
819,45,USB_HOST_RESERVED_B4,struct_usb_sysreg,_DWORD,Not defined in .h
820,46,USB_HOST_RESERVED_B8,struct_usb_sysreg,_DWORD,Not defined in .h
821,47,USB_HOST_RESERVED_BC,struct_usb_sysreg,_DWORD,Not defined in .h
822,48,USB_HOST_ETDENSET,struct_usb_sysreg,_DWORD,Not defined in .h
823,49,USB_HOST_ETDENCLR,struct_usb_sysreg,_DWORD,Not defined in .h
824,50,USB_HOST_RESERVED_C8,struct_usb_sysreg,_DWORD,Not defined in .h
825,51,USB_HOST_IMMDONEINT,struct_usb_sysreg,_DWORD,Not defined in .h
826,52,USB_HOST_ETDDONESTAT,struct_usb_sysreg,_DWORD,Not defined in .h
827,53,USB_HOST_ETDDONEEN,struct_usb_sysreg,_DWORD,Not defined in .h
828,54,USB_HOST_RESERVED_D8,struct_usb_sysreg,_DWORD,Not defined in .h
829,55,USB_HOST_RESERVED_DC,struct_usb_sysreg,_DWORD,Not defined in .h
830,56,USB_HOST_FRAME_NUMBER,struct_usb_sysreg,_DWORD,Not defined in .h
831,57,USB_HOST_FRAME_LSTHD,struct_usb_sysreg,_DWORD,Not defined in .h
832,58,USB_HOST_ROOTHUB_A,struct_usb_sysreg,_DWORD,Not defined in .h
833,59,USB_HOST_ROOTHUB_B,struct_usb_sysreg,_DWORD,Not defined in .h
834,60,USB_HOST_ROOTHUB_STATUS,struct_usb_sysreg,_DWORD,Not defined in .h
835,61,USB_HOST_ROOTHUB_PORTSTAT[3],struct_usb_sysreg,_DWORD,Not defined in .h
836,62,USB_TRANS_VENDORID0,struct_usb_sysreg,_BYTE,Not defined in .h
837,63,USB_TRANS_VENDORID1,struct_usb_sysreg,_BYTE,Not defined in .h
838,64,USB_TRANS_PRODUCTID0,struct_usb_sysreg,_BYTE,Not defined in .h
839,65,USB_TRANS_PRODUCTID1,struct_usb_sysreg,_BYTE,Not defined in .h
840,66,USB_TRANS_MODECTRL0_SET,struct_usb_sysreg,_BYTE,Not defined in .h
841,67,USB_TRANS_MODECTRL0_CLR,struct_usb_sysreg,_BYTE,Not defined in .h
842,68,USB_TRANS_OTGCTRL_SET,struct_usb_sysreg,_BYTE,Not defined in .h
843,69,USB_TRANS_OTGCTRL_CLR,struct_usb_sysreg,_BYTE,Not defined in .h
844,70,USB_TRANS_INTSOURCE,struct_usb_sysreg,_BYTE,Not defined in .h
845,71,USB_TRANS_RESERVED0,struct_usb_sysreg,_BYTE,Not defined in .h
846,72,USB_TRANS_INTLATCH_SET,struct_usb_sysreg,_BYTE,Not defined in .h
847,73,USB_TRANS_INTLATCH_CLR,struct_usb_sysreg,_BYTE,Not defined in .h
848,74,USB_TRANS_INTMASK_FSET,struct_usb_sysreg,_BYTE,Not defined in .h
849,75,USB_TRANS_INTMASK_FCLR,struct_usb_sysreg,_BYTE,Not defined in .h
850,76,USB_TRANS_INTMASK_TSET,struct_usb_sysreg,_BYTE,Not defined in .h
851,77,USB_TRANS_INTMASK_TCLR,struct_usb_sysreg,_BYTE,Not defined in .h
852,78,USB_TRANS_OTGSTATUS,struct_usb_sysreg,_BYTE,Not defined in .h
853,79,USB_TRANS_RESERVED2,struct_usb_sysreg,_BYTE,Not defined in .h
854,80,USB_TRANS_MODECTRL1_SET,struct_usb_sysreg,_BYTE,Not defined in .h
855,81,USB_TRANS_MODECTRL1_CLR,struct_usb_sysreg,_BYTE,Not defined in .h
856,82,USB_TRANS_BCDDEV0,struct_usb_sysreg,_BYTE,Not defined in .h
857,83,USB_TRANS_BCDDEV1,struct_usb_sysreg,_BYTE,Not defined in .h
858,84,USB_TRANS_RESERVED3,struct_usb_sysreg,_BYTE,Not defined in .h
859,85,USB_TRANS_RESERVED4,struct_usb_sysreg,_BYTE,Not defined in .h
860,86,USB_TRANS_OTGDEVADDR,struct_usb_sysreg,_BYTE,Not defined in .h
861,87,USB_TRANS_SEQOPS,struct_usb_sysreg,_BYTE,Not defined in .h
862,88,USB_TRANS_SEQRDSTRTADDR,struct_usb_sysreg,_BYTE,Not defined in .h
863,89,USB_TRANS_OPCTRL,struct_usb_sysreg,_BYTE,Not defined in .h
864,90,USB_TRANS_RESERVED5,struct_usb_sysreg,_BYTE,Not defined in .h
865,91,USB_TRANS_RESERVED6,struct_usb_sysreg,_BYTE,Not defined in .h
866,92,USB_TRANS_SCLK2SCLDIV,struct_usb_sysreg,_BYTE,Not defined in .h
867,93,USB_TRANS_INTCTRL,struct_usb_sysreg,_BYTE,Not defined in .h
868,94,USB_TRANS_PAD[54],struct_usb_sysreg,_DWORD,Not defined in .h
869,95,USB_SIMU_HC_CONTROL_HEAD_ED,struct_usb_sysreg,_DWORD,Not defined in .h
870,96,USB_SIMU_HC_BULK_HEAD_ED,struct_usb_sysreg,_DWORD,Not defined in .h
871,97,USB_ETD_MEM[128],struct_usb_sysreg,_DWORD,Not defined in .h
872,98,USB_EP_MEM[128],struct_usb_sysreg,_DWORD,Not defined in .h
873,99,USB_CTRL[64],struct_usb_sysreg,_DWORD,Not defined in .h
874,100,USB_OTG_RESERVED_700[64],struct_usb_sysreg,_DWORD,Not defined in .h
875,101,USB_DMA_REVISION,struct_usb_sysreg,_DWORD,Not defined in .h
876,102,USB_DMA_INTERRUPT_STATUS,struct_usb_sysreg,_DWORD,Not defined in .h
877,103,USB_DMA_INTERRUPT_ENABLE,struct_usb_sysreg,_DWORD,Not defined in .h
878,104,USB_ETD_DMA_ERROR_STATUS,struct_usb_sysreg,_DWORD,Not defined in .h
879,105,USB_EP_DMA_ERROR_STATUS,struct_usb_sysreg,_DWORD,Not defined in .h
880,106,USB_DMA_RESERVED_814[3],struct_usb_sysreg,_DWORD,Not defined in .h
881,107,USB_ETD_DMA_ENABLE,struct_usb_sysreg,_DWORD,Not defined in .h
882,108,USB_EP_DMA_ENABLE,struct_usb_sysreg,_DWORD,Not defined in .h
883,109,USB_ETD_DMA_ENABLE_X_TRIGER_REQUEST,struct_usb_sysreg,_DWORD,Not defined in .h
884,110,USB_EP_DMA_ENABLE_X_TRIGER_REQUEST,struct_usb_sysreg,_DWORD,Not defined in .h
885,111,USB_ETD_DMA_ENABLE_XY_TRIGER_REQUEST,struct_usb_sysreg,_DWORD,Not defined in .h
886,112,USB_EP_DMA_ENABLE_XY_TRIGER_REQUEST,struct_usb_sysreg,_DWORD,Not defined in .h
887,113,USB_ETD_DMA_BURST_4_ENABLE,struct_usb_sysreg,_DWORD,Not defined in .h
888,114,USB_EP_DMA_BURST_4_ENABLE,struct_usb_sysreg,_DWORD,Not defined in .h
889,115,USB_DMA_MISCELLANEOUS_CONTROL,struct_usb_sysreg,_DWORD,Not defined in .h
890,116,USB_DMA_RESERVED_844,struct_usb_sysreg,_DWORD,Not defined in .h
891,117,USB_ETD_DMA_CHANNEL_CLEAR,struct_usb_sysreg,_DWORD,Not defined in .h
892,118,USB_EP_DMA_CHANNEL_CLEAR,struct_usb_sysreg,_DWORD,Not defined in .h
893,119,USB_DMA_RESERVED_850[44],struct_usb_sysreg,_DWORD,Not defined in .h
894,120,USB_DMA_ETD_SYS_MEM_STRT_ADDR[32],struct_usb_sysreg,_DWORD,Not defined in .h
895,121,USB_DMA_EP_SYS_MEM_STRT_ADDR[32],struct_usb_sysreg,_DWORD,Not defined in .h
896,122,USB_ETD_DMA_BUF_XFER_PTR[32],struct_usb_sysreg,_DWORD,Not defined in .h
897,123,USB_EP_DMA_BUF_XFER_PTR[32],struct_usb_sysreg,_DWORD,Not defined in .h
898,124,USB_OTG_RESERVED[320],struct_usb_sysreg,_DWORD,Not defined in .h
899,125,USB_DATA_MEM[4096],struct_usb_sysreg,_BYTE,Not defined in .h
900,1,USB_TRANS,USB_TRANS,struct,Not defined in .h
901,2,USB_TRANS_VENDORID0,USB_TRANS,_BYTE,Not defined in .h
902,3,USB_TRANS_VENDORID1,USB_TRANS,_BYTE,Not defined in .h
903,4,USB_TRANS_PRODUCTID0,USB_TRANS,_BYTE,Not defined in .h
904,5,USB_TRANS_PRODUCTID1,USB_TRANS,_BYTE,Not defined in .h
905,6,USB_TRANS_MODECTRL0_SET,USB_TRANS,_BYTE,Not defined in .h
906,7,USB_TRANS_MODECTRL0_CLR,USB_TRANS,_BYTE,Not defined in .h
907,8,USB_TRANS_OTGCTRL_SET,USB_TRANS,_BYTE,Not defined in .h
908,9,USB_TRANS_OTGCTRL_CLR,USB_TRANS,_BYTE,Not defined in .h
909,10,USB_TRANS_INTSOURCE,USB_TRANS,_BYTE,Not defined in .h
910,11,USB_TRANS_RESERVED0,USB_TRANS,_BYTE,Not defined in .h
911,12,USB_TRANS_INTLATCH_SET,USB_TRANS,_BYTE,Not defined in .h
912,13,USB_TRANS_INTLATCH_CLR,USB_TRANS,_BYTE,Not defined in .h
913,14,USB_TRANS_INTMASK_FSET,USB_TRANS,_BYTE,Not defined in .h
914,15,USB_TRANS_INTMASK_FCLR,USB_TRANS,_BYTE,Not defined in .h
915,16,USB_TRANS_INTMASK_TSET,USB_TRANS,_BYTE,Not defined in .h
916,17,USB_TRANS_INTMASK_TCLR,USB_TRANS,_BYTE,Not defined in .h
917,18,USB_TRANS_OTGSTATUS,USB_TRANS,_BYTE,Not defined in .h
918,19,USB_TRANS_RESERVED2,USB_TRANS,_BYTE,Not defined in .h
919,20,USB_TRANS_MODECTRL1_SET,USB_TRANS,_BYTE,Not defined in .h
920,21,USB_TRANS_MODECTRL1_CLR,USB_TRANS,_BYTE,Not defined in .h
921,22,USB_TRANS_BCDDEV0,USB_TRANS,_BYTE,Not defined in .h
922,23,USB_TRANS_BCDDEV1,USB_TRANS,_BYTE,Not defined in .h
923,24,USB_TRANS_RESERVED3,USB_TRANS,_BYTE,Not defined in .h
924,25,USB_TRANS_RESERVED4,USB_TRANS,_BYTE,Not defined in .h
925,26,USB_TRANS_OTGDEVADDR,USB_TRANS,_BYTE,Not defined in .h
926,27,USB_TRANS_SEQOPS,USB_TRANS,_BYTE,Not defined in .h
927,28,USB_TRANS_SEQRDSTRTADDR,USB_TRANS,_BYTE,Not defined in .h
928,29,USB_TRANS_OPCTRL,USB_TRANS,_BYTE,Not defined in .h
929,30,USB_TRANS_RESERVED5,USB_TRANS,_BYTE,Not defined in .h
930,31,USB_TRANS_RESERVED6,USB_TRANS,_BYTE,Not defined in .h
931,32,USB_TRANS_SCLK2SCLDIV,USB_TRANS,_BYTE,Not defined in .h
932,33,USB_TRANS_INTCTRL,USB_TRANS,_BYTE,Not defined in .h
933,34,USB_TRANS_PAD[54],USB_TRANS,_DWORD,Not defined in .h
934,1,struct_usb_callX,struct_usb_callX,struct,Not defined in .h
935,2,field_0,struct_usb_callX,int,Not defined in .h
936,3,gap4[16],struct_usb_callX,_BYTE,Not defined in .h
937,4,field_20,struct_usb_callX,int,Not defined in .h
938,5,gap18[4],struct_usb_callX,_BYTE,Not defined in .h
939,6,field_28,struct_usb_callX,int,Not defined in .h
940,1,struct_usb_callX2,struct_usb_callX2,struct,Not defined in .h
941,2,field_0,struct_usb_callX2,int,Not defined in .h
942,3,gap4[24],struct_usb_callX2,_BYTE,Not defined in .h
943,4,field_28,struct_usb_callX2,int,Not defined in .h
944,5,gap20[4],struct_usb_callX2,_BYTE,Not defined in .h
945,6,field_36,struct_usb_callX2,int,Not defined in .h
946,7,field_40,struct_usb_callX2,int,Not defined in .h
